id,first_name,last_name,email,gender,ip_address
1,Denny,Whelpdale,dwhelpdale0@homestead.com,Female,134.86.49.164
2,Lena,Cromer,lcromer1@hao123.com,Female,127.3.118.148
3,Rafe,Heavyside,rheavyside2@gizmodo.com,Male,60.211.57.82
4,Rebeka,Diggar,rdiggar3@macromedia.com,Female,117.146.218.125
5,Collin,Keming,ckeming4@tinypic.com,Male,101.116.192.180
6,Omar,Arro,oarro5@istockphoto.com,Male,240.203.80.42
7,Lewes,Loweth,lloweth6@kickstarter.com,Male,0.220.77.104
8,Anastasia,Fullman,afullman7@nifty.com,Female,169.207.1.69
9,Morgen,Verdy,mverdy8@washingtonpost.com,Male,110.141.76.45
10,Rosemarie,Esgate,resgate9@bluehost.com,Female,135.106.25.217
